{
    "empirical_frequencies": true,
    "datatype": "DNA",
    "subs_model": "GTR",
    "ras_model": "Price-CAT",
    "Price-CAT": {
        "n_cats": 20,
        "Rates": [
            0.070902,
            0.097187,
            0.133217,
            0.182604,
            0.250301,
            0.343093,
            0.470287,
            0.644634,
            0.883617,
            1.211196,
            1.660217,
            2.275702,
            3.119364,
            4.275791,
            5.860937,
            8.033736,
            11.012048,
            15.094497,
            20.690413,
            28.360878
        ],
        "SiteCategories": [
            8,
            8,
            10,
            9,
            9,
            8,
            9,
            9,
            11,
            11
        ]
    },
    "program": "FastTree Version 2.1.11 No SSE3",
    "subs_rates": {
        "ac": 57.6659,
        "ag": 65.2915,
        "at": 65.786,
        "cg": 70.7425,
        "ct": 12.1781,
        "gt": 1.0
    }
}